verse,Label
قالَ السَماءُ كَئيبَةٌ وَتَجَهَّما قُلتُ اِبتَسِم يَكفي التَجَهّمُ في السَما,1
قالَ الصِبا وَلّى فَقُلتُ لَهُ اِبتَسِم لَن يُرجِعَ الأَسَفُ الصِبا المُتَصَرِّما,1
قُلتُ اِبتَسِم وَاِطرَب فَلَو قارَنتَها قَضَّيتَ عُمرَكَ كُلَّهُ مُتَأَلِّما,1
قُلتُ اِبتَسِم ما أَنتَ جالِبَ دائِها وَشِفائِها فَإِذا اِبتَسَمتَ فَرُبَّما,1
قُلتُ اِبتَسِم لَم يَطلُبوكَ بِذَمِّهِم لَو لَم تَكُن مِنهُم أَجَلَّ وَأَعظَما,1
قُلتُ اِبتَسِم يَكفيكَ أَنَّكَ لَم تَزَل حَيّاً وَلَستَ مِنَ الأَحِبَّةِ مُعدَما,1
قالَ اللَيالي جَرَّعَتني عَلقَماً قُلتُ اِبتَسِم وَلَئِن جَرَعتَ العَلقَما,1
فَلَعَلَّ غَيرَكَ إِن رَآكَ مُرَنَّماً طَرَحَ الكَآبَةَ جانِباً وَتَرَنَّما,1
فَاِضحَك فَإِنَّ الشُهبَ تَضحَكُ وَالدُجى مُتَلاطِمٌ وَلِذا نُحِبُّ الأَنجُما,1
قُلتُ اِبتَسِم ما دامَ بَينَكَ وَالرَدى شِبرٌ فَإِنَّكَ بَعدُ لَن تَتَبَسَّما,1
لا تَلقَ دَهرَكَ إِلّا غَيرَ مُكتَرِثٍ مادامَ يَصحَبُ فيهِ روحَكَ البَدَنُ,1
أَيُّهَذا الشاكي وَما بِكَ داءٌ كَيفَ تَغدو إِذا غَدَوتَ عَليلا,1
هُوَ عِبءٌ عَلى الحَياةِ ثَقيلٌ مَن يَظُنُّ الحَياةَ عِبءً ثَقيلا,1
وَالَّذي نَفسُهُ بِغَيرِ جَمالٍ لا يَرى في الوُجودِ شَيئاً جَميلا,1
فَتَمَتَّع بِالصُبحِ ما دُمتَ فيهِ لا تَخَف أَن يَزولَ حَتّى يَزولا,1
لا خُلودٌ تَحتَ السَماءِ لِحَيٍّ فَلِماذا تُراوِدُ المُستَحيلا,1
ما أَتَينا إِلى الحَياةِ لِنَشقى فَأَريحوا أَهلا العُقولِ العُقولا,1
كُلُّ مَن يَجمَعُ الهُمومَ عَلَيهِ أَخَذَتهُ الهُمومُ أَخذاً وَبيلا,1
كُن هَزاراً في عُشِّهِ يَتَغَنّى وَمَع الكَبلِ لا يُبالي الكُبولا,1
كُن غَديراً يَسيرُ في الأَرضِ رَقرا قاً فَيَسقي مِن جانِبَيهِ الحُقولا,1
أَيُّهَذا الشاكي وَما بِكَ داءٌ كُن جَميلاً تَرَ الوُجودَ جَميلا,1
وتشاءُ أنت من البشائر قطرةً ويشاء ربُك أن يُغيثك بالمطر,1
وتشاء أنت من الأماني نجمةً ويشاء ربُك أن يناولك القمر,1
وتشاءُ أنت من الحياة غنيمةً ويشاء ربك أن يسوق لك الدُرر,1
والله يمنع إن أراد بحكمةٍ لا بد ان ترضى بما حكم القدر,1
دَع المَقادير تَجري في أَعنتها وَلا تَكُن يائِساً مِن نيل آمال,1
أعلِّلُ النفس بالآمالِ أرقُبُها ما أضيقَ العيشَ لولا فسحةُ الأمَلِ,1
حبُّ السلامةِ يُثْني همَّ صاحِبه عن المعالي ويُغرِي المرءَ بالكَسلِ,1
فإن جنحتَ إليه فاتَّخِذْ نَفَقاً في الأرضِ أو سلَّماً في الجوِّ فاعتزلِ,1
ودَعْ غمارَ العُلى للمقديمن على ركوبِها واقتنِعْ منهن بالبَلَلِ,1
مَن يَفعَلِ الخَيرَ لا يَعدَم جَوازِيَهُ لا يَذهَبُ العُرفُ بَينَ اللَهِ وَالناسِ,1
وَرِزقُكَ لَيسَ يُنقِصُهُ التَأَنّي وَلَيسَ يَزيدُ في الرِزقِ العَناءُ,1
وَلا حُزنٌ يَدومُ وَلا سُرورٌ وَلا بُؤسٌ عَلَيكَ وَلا رَخاءُ,1
ومَن لم يعانقْهُ شَوْقُ الحياةِ تَبَخَّرَ في جَوِّها واندَثَرْ,1
ومن يتهيّب صُعودَ الجبالِ يَعِشْ أبَدَ الدَّهرِ بَيْنَ الحُفَرْ,1
أُباركُ في النَّاسِ أهلَ الطُّموحِ ومَن يَسْتَلِذُّ ركوبَ الخطرْ,1
هو الكونُ حيٌّ يحبُّ الحَيَاةَ ويحتقرُ الميْتَ مهما كَبُرْ,1
الجُود يحْكم في ارتياحكْ والغيث يعجب من سماحكْ,1
دع المقادير تجري في أعنتها  ولا تبيتن إلا خالي البالِ,1
ما بين غمضة عين وانتباهتها  يغير الله من حال إلى حالِ,1
همتي همَّة الملوكِ ونفسي  نَفْسُ حُرٍّ تَرَى الْمَذَلَّة َ كُفْرَا,1
أَنَا إنْ عِشْتُ لَسْتُ أعْدَمُ قُوتا وَإذا متّ لَسْتُ أعْدَمُ قَبْرَا,1
وإذا ما قنعتُ بالقوتِ عمري فَلِمَاذَا أزورُ زَيْدا وَعَمْرَا,1
وويذهب اليأس عَنيِّ ذكرى لرحمة ربيِّ!,1
الفخر بالعلم لا بالجاه والمال والمجد بالجد لا بالجد والخال,1
كم من ملىء وضىء الوجه تحسبه للعلم خلا ولكن فكره خالى,1
في المال والجاه أسباب الغرور ومن يغترّ بالأهل كالمغتر بالآل,1
تلك الامور سحابات مغيرها حوادث الدهر من حال إلى حال,1
ترقّب اليسر بعد العسر والحرج فغاية الضيق منها مبدا الفرج,1
حاشا ترى ازمة إلا ويعقبها يسر يقول لها يا أزمة انفرجي,1
وما سمعنا ببحر دام مضطربا ولا بريح شديد بات في هرج,1
فلا تضيق مجالا بات متسعا فالله أولى بنا في الموقف الحرج,1
فعن قريب ترى الأهوال هادئة والكل ينحو طريقا غير ذى عوج,1
ويسكن القلب من خوف ومن فزع ويرتع الكل من هول ومن هرج,1
يَوَدُّ الْفَتَى ما لا يكُونُ طَمَاعَةً ولَمْ يَدْرِ أَنَّ الدَّهْرَ بالنَّاسِ قُلَّبُ,1
ولَوْ عَلِمَ الإِنْسَانُ ما فِيهِ نَفْعُهُ لأَبْصَرَ ما يَأْتِي ومَا يَتَجَنَّبُ,1
وَلَكِنَّها الأَقْدَارُ تَجْرِي بُحُكْمِها عَلَيْنَا وأَمْرُ الْغَيْبِ سِرٌّ مُحَجَّبُ,1
ولعل ما تخشاه ليس بكائنٍ ولعل ما ترجوه سوف يكونُ,1
ولعل ما هوّنتَ ليس بهيّن ولعل ما شدّدتَ سوف يهونُ,1
أيا غاضباً من صُرُوف القضا بنفسك تَعنُفُ لا بالقدَرْ,1
ويا ضارباً صخرةً بالعصا ضربتَ العصا أم ضربتَ الحجرْ ؟,1
الْقَ العَدُوَّ بوجْهٍ لا قُطوبَ بِه يَكادُ يَقْطُرُ مِنْ ماءِ البَشاشاتِ,1
فأحْزَمُ النَّاسِ مَنْ يَلْقى أعاديه في جِسْمِ حِقْدٍ وثَوْبٍ من مَودّاتِ,1
الرّفْقُ يُمْنٌ وخَيْر القولِ أصْدقُه وكَثْرةُ المَزْحِ مُفتاحُ العَداواتِ,1
لَأَصبِرَنَّ لِدهرٍ لا يُمَتِّعُنِي بِهِ وَلا بِيَ فِي حالٍ يُمَتِّعُهُ,1
عِلماً بِأَنَّ اِصطِباري مُعقِبُ فَرَجاً فَأَضيَقُ الأَمرِ إِن فَكَّرتَ أَوسَعُهُ,1
تَغَرَّب وَاِبغِ في الأَسفارِ رِزقاً لَتَفتَحَ بِالتَغَرُّبِ بابَ نُجحِ,1
فَلَن تَجِدَ الثَراءَ بِغَيرِ سَعيٍ وَهَل يوري الزِنادُ بِغَيرِ قَدحِ,1
‏لا تبكها ذَهَبَت ومات هواها في القلبِ متسعٌ غَداً لِسواها,1
أحببتُها وطويتُ صفحتَها وكم قَرَأَ اللبيبُ صحيفةً وطواها,1
‏هذا الصباحُ الذي يُبدي انشراحتَهُ لولا تَبَسُّمُكُمْ لم يَبْدُ مُنشرِحا,1
رأى بكمْ بعدَ جُهدِ الليلِ راحتَهُ فلتفرحوا كي تروهُ مُشرقاً فَرِحا,1
‏ليل الهموم الذي قد كان يرهقنا قد فر لما رأى الآمال تنبلجُ,1
ضاقت بنا وطأة الآلام فانفرجت ما أذن الفجر إلا أذن الفرَجُ,1
ما طالَ ليلُ الأسَى إلا وأعقَبَهُ فَجْرٌ يُفَجِّرُ في وجدانِنا الفَرَحا,1
كم ساهرٍ دامعِ العينينِ مكتئبٍ وحينَ ناجَى الذي يَدري بهِ انْشَرَحا,1
ولَرُبَّ حَـاجَـاتٍ تَعَـسَّــــــرَ نَـيْـلُهَا والـخَيْرُ كُلُّ الـخَيْرِ فـي تَعْسِــيْرِهَا,1
كُنْ وَاثِقًا بالله فِيمَـا قَـدْ قَـضَـى واتْرُكْ أُمُورًا.. قَدْ دَعَاكَ لِغَيرِهَا,1
واجْعَلْ حيَاتَكَ كُلَّها بيَدِ الَّذِي لولاهُ لَـنْ تَقْوَى عَلَـى تَدْبِـيرِهَا,1
واتْرُكَ هَوَاكَ لِأَمْرِ رَبِّكَ واحْتَسِبْ لَا تَلْـتَـفِتْ للنَّفْـــسِ عِــنْدَ زَئِــيْرِهَا,1
مَــنْ يَــتَّــقِ الرَّحْـمَنَ يَلْـقَ سَــعَادَةً يَعْيَا لِسَــــانُ الـخَلْقِ عَنْ تَفْسِـيْرِهَا,1
وَعاشِر بِمَعروفٍ وَسامِح مَنِ اِعتَدى وَدافِع وَلَكِن بِالَّتي هِيَ أَحسَنُ,1
لَمّا عَفَوتُ وَلَم أَحقِد عَلى أَحَدٍ أَرَحتُ نَفسي مِن هَمِّ العَداواتِ إِنّي أُحَيّي عَدوّي عِندَ رُؤيَتِهِ,1
لِأَدفَعَ الشَرَّ عَنّي بِالتَحِيّاتِ دَعِ الأَيّامَ تَفعَلُ ما تَشاءُ,1
وَطِب نَفساً إِذا حَكَمَ القَضاءُ وَلا تَجزَع لِحادِثَةِ اللَيالي,1
فَما لِحَوادِثِ الدُنيا بَقاءُ وَكُن رَجُلاً عَلى الأَهوالِ جَلداً,1
وَشيمَتُكَ السَماحَةُ وَالوَفاءُ وَلا تُرِ لِلأَعادي قَطُّ ذُلّاً,1
فَإِنَّ شَماتَةَ الأَعدا بَلاءُ وَلا حُزنٌ يَدومُ وَلا سُرورٌ,1
وَلا بُؤسٌ عَلَيكَ وَلا رَخاءُ ِذا ما كُنتَ ذا قَلبٍ قَنوعٍ,1
فَأَنتَ وَمالِكُ الدُنيا سَواءُ سافر تَجِد عِوَضاً عَمَّن تُفارِقُهُ,1
وَاِنصَب فَإِنَّ لَذيذَ العَيشِ في النَصَبِ ِإنّي رَأَيتُ وُقوفَ الماءِ يُفسِدُهُ,1
إِن ساحَ طابَ وَإِن لَم يَجرِ لَم يَطِبِ وَالأُسدُ لَولا فِراقُ الأَرضِ مااِفتَرَسَت,1
وَالسَهمُ لَولا فِراقُ القَوسِ لَم يُصِبِ وَالشَمسُ لَو وَقَفَت في الفُلكِ دائِمَةً,1
لَمَلَّها الناسُ مِن عُجمٍ وَمِن عَرَبِ,1
وَذاتُ الفَتى وَاللَهِ بِالعِلمِ وَالتُقى إِذا لَم يَكونا لا اِعتِبارَ لِذاتِهِ,1
اشتدي أزمة تنفرجي قد آذن ليلك بالبلج,1
ولا تحسبنَّ الحزن يبقى فإنه شهاب حريقٍ واقدٌ ثم خامدُ,1
ستألفُ فقدان الذي قد فقدته كإلْفكَ وجْدان الذي أنت واجدُ,1
كن بلسماً إن صار دهرك أرقما وحلاوة إن صار غيرك علقما,1
أحسنْ وإن لم تجزَ حتى بالثنا أيَّ الجزاء الغيثُ يبغي إن همى ؟,1
فاعمل لإسعاد السّوى وهنائهم إن شئت تسعد في الحياة وتنعما,1
أيقظ شعورك بالمحبة إن غفا لولا شعور الناس كانوا كالدمى,1
أحبب فيغدو الكوخ قصرا نيرا وابغض فيمسي الكون سجنا مظلما,1
لو لم يكن في الأرض إلا مبغضٌ لتبرمتْ بوجودِهِ وتبرّما,1
لا تطلبنّ محبةً من جاهلٍ المرءُ ليس يُحَبُّ حتى يُفهما,1
وإذا نطقتَ ففي الجوارحِ نشوةٌ هي نشوةُ الروحِ ارتوتْ بعدَ الظما,1
إذا غامَرْتَ في شَرَفٍ مَرُومِ فَلا تَقنَعْ بما دونَ النّجومِ,1
لا يحْمِلُ الحِقْدَ مَنْ تَعْلُو بِهِ الرُّتَبُ ولا ينالُ العلى من طبعهُ الغضبُ,1
فَتًى يَخُوضُ غِمَارَ الحرْبِ مُبْتَسِماً وَيَنْثَنِي وَسِنَانُ الرُّمْحِ مُخْتَضِبُ,1
في مدخل الحمراء كان لقاؤنا ما أطـيب اللقـيا بلا ميعاد,1
إِذا المَرءُ لَم يُدنَس مِنَ اللُؤمِ عِرضُهُ  فَكُلُّ رِداءٍ يَرتَديهِ جَميلُ,1
وَما ضَرَّنا أَنّا قَليلٌ وَجارُنا عَزيزٌ وَجارُ الأَكثَرينَ ذَليلُ,1
لعَيْنَيْكِ ما يَلقَى الفُؤادُ وَمَا لَقي وللحُبّ ما لم يَبقَ منّي وما بَقي,1
وَما كنتُ ممّنْ يَدْخُلُ العِشْقُ قلبَه وَلكِنّ مَن يُبصِرْ جفونَكِ يَعشَقِ,1
اسعَدْ كَمَا سَعِدَتْ بِكَ الأَيَّامُ واسْلَمْ كَمَا بِكَ يسلَمُ الإِسلامُ,1
سَعِدتْ نجدٌ إذا وافيتَ نجدا بقدومٍ منك إقبالاً وسَعْدا,1
أنت الذي لولا مكارمُه غاضَ الزُّلالُ وصَوَّحَ العُشُبُ,1
سَعِدَتْ بغُرَّةِ وجهِكَ الأيَّامُ وتزيَّنَتْ ببقائِكَ الأعوامُ,1
عدت بسعد قُدومُك الأقدارُ وصفا الزّمانُ وزالت الأكدارُ,1
وتنسّمت بذكاء ذكرك نفحةٌ وتبسّمت بثنائك الأزهار,1
كَفْكِفْ دموعَكَ ليس ينفَعُكَ البكاءُ ولا العويل,1
وانهضْ ولا تشكُ الزما نَ فما شكا إلاَّ الكسول,1
ما ضَلَّ ذو أملٍ سَعى يوماً وحكمتهُ الدَّليلُ,1
وَهَيَّجَت لِيَ مِن شَوقٍ وَمِن فَرَحٍ أَيدٍ نَثَرنَ عَلى الأَوتارِ أَعنابا,1
فرحتي يوم أراها جنَّتي نارُ هواها,1
أحزاننا بلقائكم أفراحُ وزماننا قدح وأنتم راحُ,1
يا سادة من ذكرهم نرتاحُ أبداً تحن إليكم الأرواحُ,1
وقلوب أهل ودادكم تشتاقكم وإلى لذيذ لقائكم ترتاح,1
أيها الناس أنتم الأمراء بكم الأرض والسماء سواء,1
يا نجوما تمشي على قدميها كلما أظلم الزمان أضاؤوا,1
أوقات وصلكم عيد وأفراح يا من هم الروح لي والروح والراح,1
يا من إذا اكتحلت عيني بطلعتهم وحقّقت في محيا الحسن ترتاح,1
إِنَّ ذا يَوم سَعيدٌ بِكَ يا قُرة عَيني,1
عادَ الأَبرّ سَعيد العَصر مِن سَفرِهْ لِمصره وَالعُلا وَالنَصر مِن خفرِهْ,1
أُحِبُّكِ أَصنافاً مِنَ الحُبِّ لَم أَجِد لَها مَثَلاً في سائِرِ الناسِ يوصَفُ,1
أحبك فوق ما عشقت قلوبٌ ولا أدري الذي من بعد حبي,1
أحبّكِ فَوق ما تسعُ القلوبُ وَخيَّل شاعِرٌ وَوَعى حَبيبُ,1
أحبك يا شمس الزمان وبدره وإن لامني فيك السها والفراقد,1
أحبُّكم فوق الذي وصفتُم نعم صدقوا إنّ القلوب سواقي,1
سَأُحِبُّ أَعدائي لِأَنَّكِ مِنهُمُ يا مَن يُصِحُّ بِمُقلَتَيهِ وَيُسقِمُ,1
يُخفي صنائعَه واللهُ يظهرُها إنَّ الجميلَ إذا أخفيته ظهرا,1
شكر الله أياديكَ التي عاجلت قصدي بأنواعِ الهبات,1
أنتَ بالمعروفِ قدْ أحييتني وكذا الشمس حياة للنبات,1
أَوَيْتُ إِلى دارِ الإمارَةِ أجْتَلِي مَطالِعَ نُور لِلهِدايَة لائِح,1
خُذِ الحَيَاةَ كما جاءتْكَ مبتسماً في كفِّها الغارُ أَو في كفِّها العَدَمُ,1
وارقصْ على الوردِ والأَشواكِ متَّئِداً غنَّتْ لكَ الطَّيرُ أَو غنَّتْ لكَ الرُّجُمُ,1
فسامحْ إِن تكَدَّرَ وُدُّ خِلٍ فإِنَّ المرءَ من ماءِ وطينِ,1
لِكُلِّ مُلِمَّةٍ فَرَجٌ قَريبُ كَمِثلِ اللَّيْلِ يَتْلُوهُ الصَّبَاحُ,1
وَ لِلأَيّامِ أَيدٍ بَاسِطَاتٌ وأَفنِيَةٌ مُوَسَّعَةٌ فِسَاحُ,1
لا تسهَرنَّ إِذا ما الرزقُ ضاقَ ونَمْ في ظِلِّ عيشٍ رقيقٍ ناعمِ البالِ,1
فبينَ غفوةِ عينٍ وانتباهتِها يُقلَّبُ الدهرُ من حالٍ إِلى حالِ,1
فديتكَ لا تأل الحياة ابتسامة أرق وأحنى من خيال مهوم,1
فديتك لا تأل الحياة تبسماً فإنك لم تخلق لغير التبسم,1
وقَتكَ الليالي العابسات عبوسها إذن فتبسم كيف شئت وانعم,1
لا تُشرقُ الروحُ إلا من دُجى ألَمٍ هل تُزهرُ الأرضُ إلّا إنْ بكىٰ المَطَرُ,1
ولقد بلغتُ من التفاؤل أوْجه وقلائلٌ من يفعلون قلائلُ,1
حتى تفاعيلَ البحورِ قرأتُها متفائلٌ متفائلٌ متفائلُ,1
وَلا تَبْتَئِسْ مِنْ مِحْنَةٍ سَاقَهَا الْقَضَا إِلَيْكَ فَكَمْ بُؤْسٍ تَلاهُ نَعِيمُ,1
فَقَدْ تُورِقُ الأَشْجَارُ بَعْدَ ذُبُولِهَا وَيَخْضَرُّ سَاقُ النَّبْتِ وَهْوَ هَشِيمُ,1
ذَا مَا أَرَادَ اللَّهُ إِتْمَامَ حَاجَةٍ أَتَتْكَ عَلَى وَشْكٍ وَأَنْتَ مُقِيمُ,1
إِنَّ لِلآمالِ في أَنْفُسِنا لَذَّةً تُنْعِشُ منها ما ذَبَلْ,1
ألا إنما بشر الحياة تفاؤل تفاءل تعش في زمرة السعداء,1
لقتَ طَليقاً كَطَيفِ النَّسيمِ وحُرًّا كَنُورِ الضُّحى في سَمَاهْ,1
تُغَرِّدُ كالطَّيرِ أَيْنَ اندفعتَ,1
وتشدو بما شاءَ وَحْيُ الإِلهْ وتَمْرَحُ بَيْنَ وُرودِ الصَّباحِ,1
وتنعَمُ بالنُّورِ أَنَّى تَرَاهْ وتَمْشي كما شِئْتَ بَيْنَ المروجِ,1
وتَقْطُفُ وَرْدَ الرُّبى في رُبَاهْ كذا صاغكَ اللهُ يا ابنَ الوُجُودِ,1
وأَلْقَتْكَ في الكونِ هذي الحيَاهْ إلى النُّورِ فالنُّورُ عذْبٌ جميلٌ,1
إلى النُّورِ فالنُّورُ ظِلُّ الإِلهْ النّورُ في قلبِي وبينَ جَوانِحي,1
فَعَلامَ أخشى السَّيرَ في الظّلْماءِ؟ إنِّي أنا النَّايُ الَّذي لا تنتهي,1
أنغامُهُ ما دام في الأَحياءِ وأنا الخِضَمُّ الرحْبُ ليس تزيدُهُ,1
إلاَّ حياةً سَطْوةُ الأَنواءِ كُن زَهرَةً أَو نَغمَةً في زَهرَةٍ,1
فَالمَجدُ لِلأَزهار وَالنَغَماتِ تَمشي الشُهورُ عَلى الوُرودِ ضَحوكَةً وَتَنامُ في الأَشواكِ مُكتَئباتِ,1
فَمِل طَرَباً بَينَ ظِلٍّ هَفا رَطيبٍ وَماءٍ هُناكَ اِنثَعَب,1
ستار ظلام الليل سوف يجاب وتسقى بأضواء الصباح رحابُ,1
وسوف يبين الفجر ما كان خافياً ويفتح من بعد التغلق بابُ,1
وتشدو عصافير المنى بعد صمتها ويخلع ثوب الشؤم عنه غرابُ,1
وتخلص من معنى التشاؤم بومةً لها لغة من حبها وخطابُ,1
وما الشؤم إلا في نفوسٍ مريضةٍ عليها من اليأس الثقيل حجابُ,1
سيمنحنا وجهُ الهلال استدارةٌ ويفتحُ باباً في الظلامِ شِهابُ,1
ستورِقُ أشجار الوفاء وترتمي قشورٌ، ويبقى للصَّبورِ لُبابُ,1
تخصبُ أرضُ الحب منْ بعدِ جدْبها ويُسْعفها بعدَ الجفافِ سحابٌ,1
سنرقى ونرقى ثم نرقى،لأنَّنا تُحَكَّمُ فينا سنَّةٌ وكتابُ,1
أنى تغيب ونور وجهك ساطع وضباء حبك في الفؤاد رواجع,1
أنى تغيب وأنت في عيني ضحى يزهو وبرق في خيالي لامع,1
أمل يُضيء وبالبشائر يبرقُ جذلان يستبق الخطوب فيسبقُ,1
آتٍ بكل الطيبات يزفها=ويكاد من فرح يتيه وينطقُ,1
أحلامنا بالأمس واقع يومنا =وغداً أماني يومنا تتحقق,1
ما أبهج الدنيا بحلم طيب=نضر وآمال حسان تبرقُ,1
أملي الذي ملأ الجوانح بهجة=ومشى بما أرجو وأزهو يغدق,1
وتجمعوا والسعد ملء قلوبهم=والبشر عن أكمامه يتفتق,1
حلم تلألأ في غد ميعاده=كقميص يوسف مِسْكُهُ والرونق,1
أقسمت إن سعوده ووعوده=أبهى الأماني الشائقات وأصدق,1
يعيشُ بالأملِ الإِنسانُ؛ فهو إِذا أضَاعَه زالَ عَنه السَّعيُ والعَملُ,1
ولِي أملٌ قطعتُ بِهِ اللَّيالِي أرَانِي قَدْ فَنيتُ بِه ودَامَا,1
إنَّما يَحيَا الفُؤادُ الآمِلُ وإذا حيَّ يموتُ البَاطِلُ,1
أراكِ، فَتَحلُو لَديَّ الحَياةُ ويملأُ نَفسي صَباحُ الأملْ,1
ويفتِنُني فيكِ فَيضُ الحَياةِ وذَاك الشَّبابُ الوَديعُ الثَّمِلْ,1
ولي أمَلٌ في اللهِ تَحيا بهِ المُنى، ويُشرِقُ وَجهُ الظَنِّ والخَطبُ كاشِرُ,1
تضاحك في يأس ونحس وكربة ... كأن الرزايا عابثات موازحُ,1
ابتسم فالحياة ليست تساوي ... صرخةً منك أو تساوي عويلا,1
نا حَيٌّ وَنَعيِمي بالحيَاهْ ... فَرْحَةٌ تَغْمُرُ مِنْ قَلْبِي مَدَاهْ,1
جْتلَيِ فِي مَوْكِبِ الأيام مَا ... يَبْهَرُ النَّفْسَ وَيَخْفَي مُنْتَهَاَه,1
بَيْنَ جَنْبَيَّ فُؤاَدٌ كُلَّماَ ... نَفَخَ الإحْسَاسُ فِيهِ صَدَحَا,1
تُرْقِصُ الدُّنْيَا عَلَى أَنْغَامِهِ ... كُلَّ مَا فِيهَا أَسًى أوْ فَرَحَا,1
أشرقَ الصبحُ وولت ظلمة الليلِ الرهيبِ,1
يَومُكِ يَوْمي، وعِيدُكِ العيدُ ... وَفيهِ تَحلُو لِي الأناشيدُ,1
أشدُو بأحْلامِ مُهجَتي أبداً ... شِعْراً تَعي سِحْرهُ الْجَلاميدُ,1
بَقِيَّتِي أنتِ في الحياةِ وَمَا ... مَحْيايَ إلا إليكِ مَردُودُ,1
يومُكِ يومي، وتلكَ تَهْنِئَتي ... تزُفُّهَا نَحوَكِ الأغَاريدُ,1
فيه الربيعُ وفيه طيرٌ ما شدتْ ... لكنها تشدو بغيرِ غِناء,1
ما أجمل الحب السعيد وأنتِ قربي وجمال همس كالطيور أوانَ أوْب,1
يومَ الفراق لقدْ خلقتَ طويلا لم تُبقِ لي جلداً ولا معقولا,2
قالوا الرَّحِيلُ فَما شَككْتُ بأُنَها نفسي عن الدنيا تريد رحيلا,2
نَعَم إنّي حزينٌ يا حبيبي فأيامُ اللقاء مضت سراعا,2
وهاهي ساعةُ التوديع حلّت ورُبّانُ النّوى نَشَرَ الشراعا,2
رَفَعتُ بيأسِ مهزوم ٍذراعي وأثقلَ حُزنُ أعماقي الذراعا,2
وتمتمتِ الشفاهُ ولستُ أدري أقلتُ إلى اللقاء ! أم ِالوداعا؟,2
رأيتُ الليلَ يَملؤُني ظلامًا فلَم يَترُك لتعزيتي شُعاعا,2
نَاءٍ عن الأهلِ صِفْرُ الكفِّ منفردٌ كالسيفِ عُرِّيَ متناهُ من الخَللِ,2
فلا صديقَ إليه مشتكَى حزَنِي ولا أنيسَ إليه منتَهى جذلي,2
لم أرتضِ العيشَ والأيامُ مقبلةٌ فكيف أرضَى وقد ولَّتْ على عَجَلِ,2
ما كنتُ أُوثِرُ أن يمتدَّ بي زمني حتى أرى دولةَ الأوغادِ والسّفَلِ,2
تقدَّمتني أناسٌ كان شَوطُهُمُ وراءَ خطويَ إذ أمشي على مَهَلِ,2
هذا جَزاءُ امرئٍ أقرانُه درَجُوا من قَبْلهِ فتمنَّى فُسحةَ الأجلِ,2
وإنْ عَلانِيَ مَنْ دُونِي فلا عَجَبٌ لي أُسوةٌ بانحطاطِ الشمس عن زُحَلِ,2
وحسنُ ظَنِّكَ بالأيام مَعْجَزَةٌ فظُنَّ شَرّاً وكنْ منها على وَجَلِ,2
غاضَ الوفاءُ وفاضَ الغدرُ وانفرجتْ مسافةُ الخُلْفِ بين القولِ والعَمَلِ,2
خَلِّياهُ يـَنـحْ على عَـذَباتِـهْ ويَصُـغْ من دُموعـه آياتهُ,2
كَتَبَ البؤسُ فوق خَديهِ سطراً تتـراءى الآلامُ في كلماتـه:,2
شاعرٌ صاغَهُ الإلهُ من البـؤسِ وأبدى الأسى على نظراتهْ,2
لو تراهُ –والليلُ ساجٍ صموتٌ- لتفطرتَ من شَجا صَعقاتـه,2
قالَ الَّتي كانَت سَمائِيَ في الهَوى صارَت لِنَفسِيَ في الغَرامِ جَهَنَّما,2
خانَت عُهودي بَعدَما مَلَّكتُها قَلبي فَكَيفَ أُطيقُ أَن أَتَبَسَّما,2
قالَ التِجارَةُ في صِراعٍ هائِلٍ مِثلُ المُسافِرِ كادَ يَقتُلَهُ الظَما,2
قالَ العِدى حَولي عَلَت صَيحاتُهُم َأأُسَرُّ وَالأَعداءُ حَولِيَ الحِمى,2
وَعَلَيَّ لِلأَحبابِ فَرضٌ لازِمٌ لَكِنَّ كَفّي لَيسَ تَملُكُ دِرهَما,2
لا خَيرَ في عَيشٍ وَإِن سَرَّنا وَالدَهرُ لا تَبقى لَهُ باقِيَه,2
بَكَت عَيني وَعاوَدَها قَذاها بِعُوّارٍ فَما تَقضي كَراها,2
أَمِن ذِكرِ صَخرٍ دَمعُ عَينِكِ يَسجُمُ بِدَمعٍ حَثيثٍ كَالجُمانِ المُنَظَّمِ,2
إِذا ذَكَرَت نَفسي نَداهُ وَبَأسَهُ تَحَسَّرَ عَنها كُلُّ عَيشٍ وَأَنعُمِ,2
بَكَت عَيني وَحُقَّ لَها العَويلُ وَهاضَ جَناحِيَ الحَدَثُ الجَليلُ,2
فَقَدتُ الدَهرَ كَيفَ أَكَلَّ رُكني لِأَقوامٍ مَوَدَّتُهُم قَليلُ,2
أَلا لَيتَ أُمّي لَم تَلِدني سَوِيَّةً وَكُنتُ تُراباً بَينَ أَيدي القَوابِلِ,2
وَخَرَّت عَلى الأَرضِ السَماءُ فَطَبَّقَت وَماتَ جَميعاً كُلُّ حافٍ وَناعِلِ,2
أَبكي عَلى هالِكٍ أَودى فَأَورَثَني عِندَ التَفَرُّقِ حُزناً حَرُّهُ باقِ,2
لَأَبكِيَنَّكَ ما ناحَت مُطَوَّقَةٌ وَما سَرَيتُ مَعَ الساري عَلى الساقِ,2
عيدٌ بِأَيَّةِ حالٍ عُدتَ يا عيدُ بِما مَضى أَم بِأَمرٍ فيكَ تَجديدُ,2
أَمّا الأَحِبَّةُ فَالبَيداءُ دونَهُمُ فَلَيتَ دونَكَ بيداً دونَها بيدُ,2
لَم يَترُكِ الدَهرُ مِن قَلبي وَلا كَبِدي شَيْئاً تُتَيِّمُهُ عَينٌ وَلا جيدُ,2
يا ساقِيَيَّ أَخَمرٌ في كُؤوسِكُما أَم في كُؤوسِكُما هَمٌّ وَتَسهيدُ,2
أَصَخرَةٌ أَنا مالي لا تُحَرِّكُني هَذي المُدامُ وَلا هَذي الأَغاريدُ,2
ما كُنتُ أَحسَبُني أَحيا إِلى زَمَنٍ يُسيءُ بي فيهِ كَلبٌ وَهوَ مَحمودُ,2
يا عيد عدت فأين الروض والعود والهف نفسي وأين الراح والغيد,2
بل أين أحباب قلبي والمواعيد عيد بأيّة حال عدت يا عيد,2
قد حيل واحسرتا بيني وبينهم أين المؤاسون فاض الكاس أين هم,2
قَد كانَ مُضطَلَعاً بِالخَطبِ يَحمِلُهُ فَضُيَّقَت بِخُطُوبِ الدهرِ أَضلُعُهُ,2
ما آبَ مِن سَفَرٍ إِلّا وَأَزعَجَهُ رَأيُ إِلى سَفَرٍ بِالعَزمِ يَزمَعُهُ,2
وَدَّعتُهُ وَبوُدّي لَو يُوَدِّعُنِي صَفوَ الحَياةِ وَأَنّي لا أَودعُهُ,2
وَكَم تَشبَّثَ بي يَومَ الرَحيلِ ضُحَىً وَأَدمُعِي مُستَهِلّاتٍ وَأَدمُعُهُ,2
لا أَكُذب اللَهَ ثوبُ الصَبرِ مُنخَرقٌ عَنّي بِفُرقَتِهِ لَكِن أَرَقِّعُهُ,2
اِعتَضتُ مِن وَجهِ خِلّي بَعدَ فُرقَتِهِ كَأساً أَجَرَّعُ مِنها ما أَجَرَّعُهُ,2
كَم قائِلٍ لِي ذُقتُ البَينَ قُلتُ لَهُ الذَنبُ وَاللَهِ ذَنبي لَستُ أَدفَعُهُ,2
لا يَطمِئنُّ لِجَنبي مَضجَعُ وَكَذا لا يَطمَئِنُّ لَهُ مُذ بِنتُ مَضجَعُهُ,2
فيا أسفا أسفت على شباب = نعاه الشيب والرأس الخضيبُ,2
ألا ليت الشباب يعود يوماً = فأخبرَهُ بما صنع المشيبُ,2
فيما مَضى كُنتَ بِالأَعيادِ مَسرورا فَساءَكَ العيدُ في أَغماتَ مَأسورا,2
أَفطَرتَ في العيدِ لا عادَت إِساءَتُهُ فَكانَ فِطرُكَ لِلأكبادِ تَفطيرا,2
قَد كانَ دَهرُكَ إِن تأمُرهُ مُمتَثِلاً فَرَدّكَ الدَهرُ مَنهيّاً وَمأمورا,2
يُعارِكُنِي الزَّمانُ كما يَشَاءُ وبي للحُزْنِ نشرٌ وانْطِواءُ,2
ولي قلبٌ عبثنَ بهِ اللّيالِيْ بفقِد أحبَّتِي والفقدُ داءُ,2
فأيُّ مسرَّةٍ تحلُو لِقَلْبِي ولونُ الماءِ يُبرِزُهُ الإناءُ,2
يآ ربِّ من لامرئٍ ضآقت مسالكهُ! وليس يدري بما في نفسه أحدُ ..,2
يبدو مع النّاس ممراحًا به طربٌ! وإن توحد يستشري به الكمدُ .,2
أَبدى الهَوى وتَجافى عَن زِيارَتِنا وَظَلَّ يكثِرُ مِن عُذرٍ وَمِن عِلَلِ,2
لا تَدَّعِ حُبَّ مَن أَتلَفتَ مُهجَتَهُ بِالصَّدِّ مِنكَ وَبالإِعراضِ وَالبخلِ,2
تَقُول لا حِيلَةً في الوَصلِ أَعرِفُها لَو صَحَّ مِنكَ الهَوى أُرشِدتَ للحِيَلِ!,2
العابرون وقد ألفت حديثهم  ‏مروا.. ‏وأنت على الحنين تكابرُ!,2
هل كنت تدرك أن آخر عهدهم ولّى وأنت على السراب تقامر,2
‏فقلت: انظروا حالي ولا تعذلونني كفى العذلَ ما ألقى من الهمّ خالي,2
ا ‏تُغنّون والدنيا بكم مطمئنةٌ وأبكي وحيداً لا تُحسُّون ما بيا,2
‏أخذتم سناءَ الفجر والوردَ والندى وأعطيتموني سرمدَ الليل داجيا,2
خذوا حزنكم عنّي فعندي مواجعٌ‏لو اسندتها ثهلانَ لانقضّ هاويا,2
وحيداً وبحر الليل يطوي مواجعي وهل غير هذا الليل ألقاه شاكيا!,2
ياسامر الحي بي داءٌ من الضجَرِ عاصاه حتى رنـيـنُ الكـأس والوترِ,2
هل بين وحدَتِنا و الليل من نسَبِ؟ إذا أتى أقبلت نهراً من التعبِ,2
أمــاه أماه هذا اللحن يسحرني ويلهب الشوق بي والحزن والندمَا,2
أماه قلبي جريح لا دواء له إلا رضاك يعيد الجرح ملتئمَا,2
قلبٌ تقطّعَ فاستحالَ نجيعَا = فجرَى فصار مع الدموعِ دموعَا,2
عجباً لنار ضُرِّمت في صدرهِ = فاستُنْبِطَت من جفنه يُنبوعَا,2
لهبٌ يكون إذا تلبّسَ بالحشَا = قيظاً ويظهرُ في الجفونِ ربيعَا,2
حننْتَ إلى ريَّا ونفسكَ باعدتْ ... مزارَكَ من ريَّا وشَعْباكما معَا,2
بكتْ عينيَ اليُسرَى فلمَّا زجرتُها عن الجهلِ بعد الحلْمِ أسبَلَتا معَا,2
فَلَيْسَتْ عَشِيَّاتُ الحِمى بِرَواجِعٍ –عليكَ ولكنْ خَلِّ عَيْنَيْكَ تَدْمَعا,2
سَلامٌ على الدّنيا فما هِيَ راحَةٌ –إذا لم يَكُنْ شَمْلي وشَمْلُكُمُ معا,2
ولا مَرْحَباً بالرَّبْعِ لستُمْ حُلولَهُ–ولو كانَ مُخْضَلَّ الجَوانِبِ مُمْرِعا,2
لعَمْري لقد نادى مُنادي فِراقِنا — بِتَشْتيتِنا في كُلِّ وادٍ فأَسْمَعا,2
كأَنّا خُلِقْنا للنَّوى وكأنّما — حَرامٌ على الأَيّامِ أن نَتَجَمَّعا,2
هل يسمعُ اللـيلُ ـ يـا أحبابُ ـ نجوانا ؟ لكـي نـحـدثـه ســــرّاً بـما كانا,2
لكي نُحمّـلـه أشــواقَ غُــربـتنـا حتـى يُشـاركـنا دمـــعاً وأحــزانا,2
أنشتكي ـ يـا تُرى ـ للـدهر حـالتنـا آهٍ لدهر مضى فـي الــوصــل نشوانا !,2
يكفكف الدمـعَ نـجمٌ بـات يـرقُبـنـا بـالله يا نـجمُ مــن أنبـاك شكوانا ؟!,2
نظـمـتُ شعـريَ آهـاتٍ أردّدُهـــا وكم نظمــــتُ الأسى بحـراً وأوزانا !,2
فما خلوتُ بنفـسي كـي أسـامـرَهـا إلا تـفـجَّـــر دمـعُ الشوق بُركانا,2
شتّـانَ بيـن الـذي تبكـي مـحاجرُه وبيـن قـلـبٍ بـكـى شتّـان شتانا,2
"سلوا نسيماً سـرى مـن قـرب ربعكُمُ حـمَّلتُـهُ لـوعـتـي , فـارتدّ ولهانا",2
"سلوا نـحـولـي , ورقّـوا يـا أحـبتنا متـى سـتـبـتسم الــــدنيا للقيانا ؟",2
"أنا الـمـتيّـم , ذي العَـبَراتُ تشـهدُ لي أنا الـذي ذاق طعـمَ الـبعــــد ألوانا",2
"عواذلـي قـد بكَـوْنـي , يـا لَـرِقّتِهِمْ ! حالي تُـحيـل العدا فــي اللطف غزلانا",2
"إنـي أنا الصـبُّ فيكم , فارحـموا أَرَقي ووابـلاً قـد جـرى فـي الخدِّ هَــتّانا",2
...يا حسرتاه! أطلّ الــفجرُ وانطمسـت تلـك النـجـومُ ...ففاض القلبُ أشجانا,2
ما كان ظنــي بـأن الشـوقَ يـقتلنـي فأغـلبُ الـظـن أن الـبـؤسَ يغـشانا,2
حتى تجرّعتُ كــأسَ البعدِ فـي غَصَصٍ ..فصارتِ الروحُ لي فـي القـبر أكـفانا,2
جاملتُ والعمر يمضي منه أعذبُهُ.. كي لا يحسّ الذي جاملته الوجَعَا,2
جاملتُ أُسعدُ في دنياي أفئدةً .. وإن رأيتُ فؤادي بعدها انصدعَا,2
وارحمتاه على قلبٍ أعذّبهُ .. ولو درى عنه مَن جاملته فُجعَا,2
لا يشعرون ولا يومًا ألومهمُ .. فكلهم حينما مثّلتُ قد خُدعَا,2
لا يستوي مُـسعدٌ والأنس يغمرُهُ .. كمسعدٍ وهو من أحزانه شبِعَا,2
فُؤادٌ مَلاهُ الحُزنُ حَتّى تَصَدَّعا وَعَينانِ قالَ الشَوقُ جودا مَعاً مَعا,2
وفي قلبي من الهجرانِ سقمٌ وفي كبدي من الأشواقِ داءُ,2
وليلٍ بتُّ أقضيهِ بكاءً وأنجمهُ كآمالي بطاءُ,2
أَوَدِّعُهُ وأودِعُهُ فُؤادا يُعَذِّبُهُ التَفَرُّقُ وَالفَريقُ,2
أَلَمُ الفراقِ نَفَى الرُّقادَ وَنفَّرا فلذاكَ جَفْنِيَ لا يلائمُه الكرى,2
جسدٌ يذوبُ مِنَ الحنينِ ومقلةٌ حكمَ البعادُ وجَوْرُهُ أن تَسْهَرا,2
هذا الفراق وهكذا التوديع مما يقد به حشا وضلوع,2
نجد اللهيب على متون خدودنا عند الوداع وهن سلن دموع,2
لمَّا دعا في الرّكب داعي الفِرَاقْ لبّاه ماءُ الدَّمْعِ من كُل ماقْ,2
يا دمعُ لم تَدْعُ سِوَى مُهْجَتي فَلِمْ تَطَفَّلْتَ بَهَذَا السباق,2
أَمّا الفِراقُ فَإِنَّهُ ما أَعهَدُ هُوَ تَوأَمي لَو أَنَّ بَيناً يولَدُ,2
طالَ لَيلى وَبِتُّ كَالمَجنونِ وَاِعتَرَتني الهُمومُ بِالماطِرونِ,2
وَبَكَت خَشيَةَ التَفَرُّقِ لِلبَي نِ بُكاءَ الحَزينِ نَحوَ الحَزينِ,2
فَاِسأَلي عَن تَذَكُّري وَاِكتِئابي لِإيابي إِذا هُمُ عَذَلوني,2
إِنَّ الزَمانَ زَمانُ سَو وَجَميعُ هَذا الخَلقِ بَو,2
وَإِذا سَأَلتَهُمُ نَدىً فَجَوابُهُم عَن ذاكَ وَو,2
ذَهَبَ الكِرامُ بِأَسرِهِم وَبَقى لَنا لَيتا وَلَو,2
هذا البعادُ فكيفك فقدكْ قد أهلكَ العشّاقَ صدًّكْ,2
يا كَوكَباً ما كانَ أَقصَرَ عُمرَهُ وَكَذاكَ عُمرُ كَواكِبِ الأَسحارِ,2
فَكَأَنَّ قَلبي قبره وَكَأَنَّهُ في طَيِّهِ سِرٌّ مِنَ الأَسرارِ,2
أَشكو بُعادك لي وَأَنت بَمَوضِعٍ لولا الرَدى لَسَمِعتَ فيهِ سَراري,2
جازَيتَني عَن تَمادي الوَصلِ هِجرانا وَعَن تَمادي الأَسى وَالشَوقِ سُلوانا,2
بِاللَهِ هَل كانَ قَتلي في الهَوى خَطَأً أَم جِئتَهُ عامِداً ظُلماً وَعُدوانا,2
بكاؤكُما يشْفي وإن كان لا يُجْدي فجُودا فقد أوْدَى نَظيركُمُا عندي,2
ألا قاتَل اللَّهُ المنايا ورَمْيَها من القَوْمِ حَبَّات القُلوب على عَمْدِ,2
لَعَمْرِي لقد حالَتْ بيَ الحالُ بَعْدَهُ فَيَا لَيتَ شِعْرِي كيف حالَتْ به بَعْدِي,2
ثَكِلتُ سُرُوري كُلَّه إذْ ثَكلتُهُ وأصبحتُ في لذَّاتِ عيْشي أَخَا زُهْدِ,2
بِروحي مَن تَذوبُ عَلَيهِ روحي وَذُق ياقَلبُ ما صَنَعَت يَداكا,2
فَيا مَن غابَ عَنّي وَهوَ روحي وَكَيفَ أُطيقُ مِن روحي اِنفِكاكا,2
حَبيبي كَيفَ حَتّى غِبتَ عَنّي أَتَعلَمُ أَنَّ لي أَحَداً سِواكا,2
أَراكَ هَجَرتَني هَجراً طَويلاًوَما عَوَّدتَني مِن قَبلُ ذاكا,2
لَقَد حَكَمَت بِفُرقَتِنا اللَيالي وَلَم يَكُ عَن رِضايَ وَلا رِضاكا,2
فَلَيتَكَ لَو بَقيتَ لِضُعفِ حالي وَكانَ الناسُ كُلُّهُمُ فِداكا,2
يَعِزُّ عَلَيَّ حينَ أُديرُ عَيني أُفَتِّشُ في مَكانِكَ لا أَراكا,2
تَعَبُ كُلّها الحَياةُ فَما أعْجَبُ إلاّ مِنْ راغبٍ في ازْديادِ,2
إنّ حُزْناً في ساعةِ المَوْتِ أضْعَافُ سُرُورٍ في ساعَةِ الميلادِ,2
ليالي التصابي قد جفاني حبورها ... ولمّتي السوداء أسفر نورها,2
تذكرت أيام السرور التي مضت ... فياليت شعري هل يعود سرورها,2
في ذِمَّةِ اللهِ ما ألقَى وما أجِدُ أهذِهِ صَخرةٌ أمْ هذِه كبِدُ,2
قدْ يقتُلُ الحُزنُ مَنْ أحبابهُ بَعُدوا عنه فكيفَ بمنْ أحبابُهُ فُقِدوا,2
بكَيتُ حتَّى بكا من ليسَ يعرِفُني ونُحتُ حتَّى حكاني طائرٌ غَرِد,2
أقاسي الحب من قاسي الفؤاد وأرعاه ولا يرعى ودادي,2
وأشكوها البعاد وليس تصغي إلى الشكوى وتمكث في ازدياد,2
أَضاعَ الغِنى وَأَضاعَ الصِحابَ وَرُبَّ مَريضٍ بِلا زائِرِ,2
تَعيسٌ تُعانِقُهُ النائِباتُ عِناقَ الحَبائِلِ لِلطائِرِ,2
كَثيرُ الهُمومِ بِلا ناصِرٍ كَسيرُ الفُؤادِ بِلا جابِرِ,2
سَإِمتُ الحَياةَ فَلَيتَ الحِمامَ يُعيدُ إِلى أَصلِهِ سائِري,2
وكنا كندماني جذيمةَ حقبةً من الدهر حتى قيل لن يتصدعا,2
فلما تَفَرّقنا كأني ومالكاً لطول اجتماعِ لم نَبت ليلةٌ معا,2
أَضحى التَنائي بَديلاً مِن تَدانينا وَنابَ عَن طيبِ لُقيانا تَجافينا,2
أَنَّ الزَمانَ الَّذي مازالَ يُضحِكُنا أُنساً بِقُربِهِمُ قَد عادَ يُبكينا,2
وَقَد نَكونُ وَما يُخشى تَفَرُّقُنا فَاليَومَ نَحنُ وَما يُرجى تَلاقينا,2
كُنّا نَرى اليَأسَ تُسلينا عَوارِضُهُ وَقَد يَئِسنا فَما لِليَأسِ يُغرينا,2
نَكادُ حينَ تُناجيكُم ضَمائِرُنا يَقضي عَلَينا الأَسى لَولا تَأَسّينا,2
حالَت لِفَقدِكُمُ أَيّامُنا فَغَدَت سوداً وَكانَت بِكُم بيضاً لَيالينا,2
والصحب؟ أين رفاق العمر؟ هل بقيت سوى ثمالة أيام.. وتذكار,2
بلى! اكتفيت.. وأضناني السرى! وشكا قلبي العناء!... ولكن تلك أقداري,2
طال اغترابي وما بيني بمقتضب والدهر قد جدّ في حربي وفي طلبي,2
والشوق في أضلعي نار تُذَوِّبُني ما أفتكَ الشوق في أضلاع مغترب,2
أين الأحبة ما بيني وبينهم=لج البحار وأطراف القنا السلب,2
عـــــزَّ الــلــقــاء فــــــلا لــقــيــا ولا نـــظـــر .........ولا حـــديـــث عـــلـــى بـــعـــد ولا قـــــــرب,2
كــم ذا أحــن إلــى أهـلــي إلـــى بـلــدي إلـــى صـحـابـي وعـهــد الــجــدّ والـلـعــب,2
ألقى الشدائد ليلي كله سهر وما نهاري سوى ليلي بلا شهب,2
أكابد السقم في جسمي وفي ولدي وفي رفيقة درب هدّها خببي,2
ما غاب وجهُكُمُ عن عين مدَّكرٍ=ولا رقا جرحكم في قلب محتسبِ,2
يا فؤادي رحم الله الهوى كان صرحاً من خيال فهوى,2
اسقني واشرب على أطلاله واروِ عني طالما الدمع روى,2
كيف ذاك الحب أمسى خبراًوحديثاً من أحاديث الجوى,2
وبساطا من ندامى حلم هم تواروا أبداً وهو انطوى,2
من للمحب ومن يعينه والحبُ أهنأه حزينه,2
أنا ما عرفتُ سوى قساوته فقولوا كيف لينُه؟,2
إن يُقض دين ذوى الهوى فأنا الذى بَقيت دُيُونه,2
لكُل شيءٍ إذا مَا تَم نُقْصَانُ فَلا يُغَر بطيْبِ العَيْشِ إنْسَانُ,2
هي الأمُوْرُ كما شاهدْتُهَا دُولٌ مَنْ سَرهُ زمنٌ سَاءَتْهُ أزمانُ,2
وَاحَرّ قَلْباهُ ممّنْ قَلْبُهُ شَبِمُ وَمَنْ بجِسْمي وَحالي عِندَهُ سَقَمُ,2
بانَت سُعادُ فَقَلبي اليَومَ مَتبولُ مُتَيَّمٌ إِثرَها لَم يُفدَ مَكبولُ,2
حيرانُ القلبِ مُعَذَّبُهُ مقروح الجفنِ مسهَّدُه,2
يستهوي الوُرْق تأوُّهه ويذيب الصخرَ تنهُّدهُ,2
ويناجي النجمَ ويُتعبه ويُقيم الليلَ ويُقْعِدهُ,2
بكتك، لعمري، عيونٌ شحاحٌ تعوَّدنَ عند المصاب الجمودا,2
طريقيَ كلُّه صخرٌ، وإني لأَعثر بالحصاة على الأديم,2
اليوم ضاع من الشبيبة مصطفى فابكوا وقولوا لا سرور ولا صفا,2
رَغِبنا في الحياةِ لفرطِ جَهْلٍ وَفَقْدُ حياتنا حَظُّ رَغيبُ,2
شَهدتُ فلم أُشاهِد غيرَ نُكْرٍ وغَيَّبَني الـمُنَى فمتى أَغيبُ..؟,2
رَبِّي متى أَرحلُ عن هذه الدنيا فإنِّي قد أَطَلتُ الـمُقامْ,2
لم أَدرِ ما نَجمي ولكنّه في النَّحسِ مُذ كانَ جَرَى واستقامْ,2
لَأَبكِيَنَّ لِفِقدانِ الشَبابِ وَقَد نادى المَشيبُ عَنِ الدُنيا بِرِحلَتِيَه,2
يا بَيتُ بَيتَ الرَدى يا بَيتَ مُنقَطَعي يا بَيتُ بَيتَ الرَدى يا بَيتَ غُربَتِيَه,2
فُؤادٌ مَلاهُ الحُزنُ حَتّى تَصَدَّعا وَعَينانِ قالَ الشَوقُ جودا مَعاً مَعا,2
أودى بي الحزنُ واغتال الجوى جلدي وفرقَ الشجوُ بينَ الروحِ والجَسَدِ,2
واستهدَفَتني صُروفُ الدهر راميةً تُصوبُ النبلَ نحوَ القلبِ والكبدِ,2
هذي الديار فقف، واستنطق الحجرا ... واذرف دموعك في ساحاتها دررا,2
نظرت، فانفض دمعي ما أكتمه ... إن المحب معنى حيثما نظرا,2
يا لهف نفسي على عهد الصبا؛ فلقد ... ولى، وأعقب في قلبي له ذكرا,2
أثَّرَ الحزنُ بقلبي أثراً يومَ غيبتُ الثريَّا في الثرى,2
عنَّفَ العاذلُ في حزني ومِنْ حقِّه تمهيد عذري لو درى,2
كنتُ أبكي من تشكِّيها فمذْ بَعُدَتْ صارَ بكائي أكثرا,2
فجرى مِنْ دمعِ عيني ما كفى وكفى منْ رَوْعِ بيني ما جرى,2
مَمْلُوءٍ مِنَ الحَزَنِ يعالجُ سَوْرَةَ الأَرَقِ,2
تكادُ غُروبُ مُقْلَتِهِ تَعُمُّ الأَرْضَ بالغَرَقِ,2
غلا الحزنُ في عينيكَ والحزنُ جمرةٌ,2
تصاول حبَّات العيونِ بلا رفقِ,2
رأى الحُزنُ مَا عِندِي مِنَ الحزنِ والكَربِ,2
فَرُوِّعَ مِن حَالِي فَلم يَستَطِع قُربِي,2
وأظهَرَ عَجزاً عَن مُقَاوَمَة الأسَى,2
وأيقن أنَّ الخَطبَ أعظَمُ مِن خَطبي,2